surge_mean,sway_mean,VVEL,VDIR,HS1,TP1,DIR1,CVEL0,CDIR0
585.3020115441369,14.42728355204216,6.20,191.0,1.70,10.60,332.0,0.77,192.0
317.6661138590251,-7.2485056192358375,4.20,172.0,1.49,10.70,340.0,0.73,194.0
561.5837550355732,20.90966411594203,5.50,174.0,1.34,9.90,312.0,0.59,195.0
544.830608513834,16.369148420289854,5.90,179.0,1.29,8.10,258.0,0.76,198.0
577.7628623913043,16.02139575889328,5.70,184.0,1.30,11.90,327.0,0.68,187.0
177.9435514268775,-6.2610714295125165,1.50,9.0,0.81,9.10,277.0,0.38,185.0
328.28297055994733,-15.514277739130433,3.30,258.0,2.55,13.80,26.0,0.60,166.0
679.6365379617918,14.64970020816864,8.30,243.0,3.16,9.10,3.0,0.81,177.0
643.2072235006588,15.327500386034254,6.60,224.0,3.28,9.30,324.0,0.68,169.0
312.80596299868245,7.352441191040843,3.80,201.0,2.64,9.70,31.0,0.47,198.0
227.66124735573123,-18.2359310171278,3.20,198.0,1.97,9.40,337.0,0.68,192.0
374.7633399604743,5.003908316205535,4.60,252.0,1.43,9.50,315.0,0.68,194.0
453.095672627141,18.018327805006585,5.00,255.0,1.65,15.10,353.0,0.59,198.0
464.9623391818182,28.125450255599475,4.90,211.0,1.84,8.80,244.0,0.47,203.0
567.9275201844532,25.443141795783923,5.60,220.0,2.02,8.70,228.0,0.41,200.0
545.2294153754941,36.19811510935441,5.40,295.0,1.96,12.80,6.0,0.28,270.0
632.1521525138339,31.558430803689063,7.10,263.0,2.40,7.40,272.0,0.30,255.0
504.8175974229249,39.983025021080365,5.40,255.0,1.95,10.00,309.0,0.36,254.0
264.933205629776,22.17776083003952,3.60,266.0,1.84,9.80,277.0,0.35,243.0
183.79984282476946,6.1866900895915675,2.20,276.0,1.39,7.90,349.0,0.26,241.0
624.9551252252966,29.49400753227932,6.60,280.0,1.91,6.80,273.0,0.25,225.0
665.557142508564,28.794527434782612,6.90,189.0,1.73,5.20,195.0,0.01,135.0
689.8878163504611,27.081604259552044,7.70,179.0,2.28,6.40,174.0,0.11,131.0
421.7179925480896,36.243292065876155,4.60,320.0,3.04,9.30,291.0,0.33,220.0
599.0027083860342,30.983607218708826,6.40,297.0,2.85,9.30,300.0,0.35,225.0
536.6287081198946,30.39207734387352,5.60,298.0,2.77,8.80,272.0,0.40,214.0
392.98961721739136,27.648653442687745,4.90,302.0,2.50,8.80,254.0,0.51,216.0
613.906730483531,27.767035872200264,6.60,297.0,2.56,9.30,266.0,0.39,211.0
613.2944653913044,28.808496059288537,6.20,237.0,1.36,8.00,235.0,0.25,217.0
563.0784877984189,29.478990735177867,5.50,232.0,1.38,8.30,263.0,0.32,214.0
435.8319937220026,36.59518245981555,4.20,230.0,1.52,7.70,274.0,0.18,218.0
667.956612768116,27.557980194993416,7.60,332.0,3.94,10.70,337.0,0.28,212.0
583.9880833926219,29.36242984189723,5.70,331.0,3.68,11.00,352.0,0.27,222.0
531.1044626758893,34.096127847167324,5.30,314.0,2.72,11.40,325.0,0.31,233.0
540.8225064123847,32.832461841897235,5.60,288.0,2.44,11.00,355.0,0.36,238.0
145.5373385032938,-7.392027744400528,3.40,161.0,1.84,8.20,212.0,0.71,215.0
133.3296554334651,-16.581348441370224,2.30,147.0,1.71,8.50,205.0,0.70,204.0
149.0971908814229,-11.284401652173914,1.90,257.0,1.73,8.00,229.0,0.53,199.0
296.01783470750985,21.870341399209487,3.30,284.0,1.28,7.30,239.0,0.22,240.0
220.9843834453228,11.179663653491437,3.00,295.0,1.26,12.30,11.0,0.35,233.0
478.6587953069829,32.65240300527009,4.70,245.0,1.06,8.30,263.0,0.33,205.0
338.8341297760211,20.279691716732543,4.10,251.0,1.02,7.30,237.0,0.45,213.0
468.3650059051384,37.273553409749674,5.10,255.0,0.99,7.80,244.0,0.40,238.0
413.4723783557312,34.04440888274045,4.40,227.0,1.17,7.70,249.0,0.33,226.0
564.9265592766799,3.1027831949934126,5.10,317.0,3.22,15.10,24.0,0.72,159.0
538.3346515876152,8.496341795783925,4.30,322.0,3.21,14.00,33.0,0.61,142.0
610.3145191712779,18.9834341370224,5.20,313.0,2.88,7.50,303.0,0.52,144.0
583.1470058932807,9.585498988142293,5.00,321.0,3.10,8.10,320.0,0.64,159.0
606.4936858471673,2.9022862028985505,5.00,332.0,3.32,8.30,305.0,0.79,151.0
494.74318869169963,-44.45438687483531,5.20,215.0,1.74,7.70,248.0,1.16,169.0
639.6952860895915,-2.4804418142292493,6.20,215.0,1.79,7.60,251.0,1.08,158.0
345.5365382911727,-24.655523683794463,6.00,215.0,2.28,17.40,360.0,1.17,172.0
524.7525626982872,-53.57980300658762,4.80,186.0,3.26,16.30,320.0,1.20,164.0
474.822593027668,-55.32950494202899,3.60,210.0,3.09,15.80,11.0,1.03,156.0
591.7411397681159,26.823190552042163,4.50,254.0,1.07,7.40,314.0,0.53,85.0
616.2664423728589,27.69418486166008,4.60,200.0,1.10,7.60,318.0,0.59,74.0
699.5515464150197,24.585098998682476,7.10,203.0,1.65,6.00,189.0,0.72,82.0
685.3621092463768,25.05740653491436,6.30,178.0,1.59,6.10,201.0,0.64,83.0
639.9591984940712,26.355212260869564,4.70,154.0,1.64,6.40,209.0,0.62,81.0
513.6897756455863,31.13513306587615,2.70,152.0,1.56,6.50,185.0,0.68,73.0
130.169496828722,32.9333878801054,0.50,196.0,1.22,6.70,246.0,0.86,344.0
91.32850621739131,22.406674214756258,1.10,290.0,1.08,8.10,235.0,0.87,329.0
449.62817620158097,55.31214005006588,4.30,286.0,1.05,7.10,232.0,0.47,344.0
306.09843702239795,48.75553823320158,3.60,273.0,1.06,7.40,265.0,0.53,330.0
342.98611182081686,27.668274739130432,2.90,26.0,1.34,8.50,346.0,0.18,47.0
204.5245283254282,5.341788561264822,1.60,20.0,1.33,8.80,360.0,0.09,117.0
343.6730164018445,29.89575534914361,3.00,231.0,1.42,8.30,306.0,0.25,32.0
345.8844281765481,30.72216938603426,3.30,225.0,1.27,8.50,322.0,0.12,340.0
457.8122050105401,10.843699541501977,3.60,79.0,1.94,10.90,300.0,0.51,159.0
444.4877069380764,5.9899967075098814,2.90,53.0,1.96,11.10,326.0,0.52,128.0
303.98194818181815,-52.82784585902503,1.50,19.0,1.43,9.10,328.0,0.80,163.0
320.958075486166,-73.84882061264823,0.70,27.0,1.30,10.20,339.0,0.98,167.0
635.920745629776,16.29338294466403,6.70,240.0,2.11,11.60,6.0,0.67,176.0
651.8824613465085,15.426067067193676,7.10,193.0,1.75,11.30,347.0,0.79,180.0
453.2506474914361,22.38188556126482,2.80,349.0,4.73,14.00,59.0,0.46,94.0
466.6916211146246,31.91443440316206,2.80,335.0,4.30,14.20,46.0,0.50,83.0
646.8184329222661,33.67327222661396,5.30,206.0,2.15,6.60,267.0,0.74,45.0
493.0822244664032,15.70211775098814,5.10,244.0,2.06,8.80,223.0,0.61,186.0
653.7851487997365,19.721395221343872,7.00,227.0,2.44,8.60,228.0,0.59,171.0
601.4899820487482,30.609215752305666,5.20,335.0,2.79,10.70,51.0,0.10,84.0
654.1932943649538,29.835693942028982,6.50,341.0,2.67,10.60,74.0,0.05,53.0
293.9689568326746,26.03852259552042,3.20,262.0,1.76,9.30,29.0,0.20,290.0
495.4115839644269,41.36154375494071,4.50,252.0,1.62,9.30,9.0,0.17,327.0
358.95740113965746,18.989933281949934,3.20,331.0,1.62,11.50,30.0,0.26,151.0
311.78463891963105,14.22852008168643,2.70,330.0,1.69,10.60,358.0,0.22,133.0
313.4586750869565,-0.33459965744400527,3.40,238.0,1.64,8.80,348.0,0.51,182.0
548.3549916152832,19.532041036890643,4.90,238.0,1.90,8.50,345.0,0.47,171.0
659.1302496376811,27.822998287220024,7.80,346.0,1.40,5.20,105.0,0.51,225.0
308.72641052173907,19.905454166007907,5.00,342.0,1.49,6.40,360.0,0.71,227.0
655.3259854044796,21.731656667984193,7.30,252.0,1.39,8.50,309.0,0.56,182.0
151.4350950184453,-13.328310449275364,1.30,247.0,1.43,4.50,224.0,0.51,192.0
688.4460543069828,24.765664370223984,8.70,242.0,1.50,5.00,225.0,0.42,195.0
691.0275746534916,26.15787372859025,9.10,295.0,2.86,9.60,305.0,0.42,207.0
699.13923328722,26.77908260342556,9.80,287.0,2.93,10.00,319.0,0.44,220.0
655.263183967062,27.00909522002635,8.10,277.0,2.85,9.80,307.0,0.51,216.0
661.4062867799736,26.062611843214754,8.10,297.0,2.57,9.50,280.0,0.51,211.0
105.95720940447957,-10.976618989459817,0.50,231.0,2.23,7.90,263.0,0.56,211.0
118.7018687654809,-8.097771052700923,1.40,229.0,2.13,7.10,271.0,0.51,213.0
222.49810226350462,2.5762086139657443,3.80,222.0,2.23,7.40,256.0,0.60,210.0
148.55277166798416,-7.459550624505929,2.10,216.0,2.31,7.80,283.0,0.50,206.0
149.70766719631092,-2.9576177457180495,1.70,209.0,2.19,7.30,244.0,0.34,210.0
124.1968592397892,-3.120165786561264,1.80,206.0,2.38,7.80,272.0,0.44,223.0
551.4366128932807,15.59201985375494,4.80,208.0,2.83,6.50,204.0,0.51,163.0
328.86687486166005,4.366969084321475,4.20,337.0,2.49,9.10,35.0,0.59,197.0
426.6024200342556,7.255692743083005,4.30,263.0,2.64,11.10,14.0,0.53,178.0
427.5559049209486,9.026721558629777,4.40,254.0,2.45,10.80,15.0,0.54,182.0
565.4906330144928,18.686989640316202,5.30,249.0,2.40,10.70,352.0,0.48,179.0
467.40802416073785,23.69379322002635,3.90,62.0,1.33,9.80,341.0,0.41,170.0
375.8465642516469,17.290921089591567,3.50,14.0,1.33,8.80,1.0,0.36,177.0
613.0966630026351,25.469385216073782,6.20,329.0,1.18,9.00,336.0,0.44,200.0
186.88505143214758,-7.6535366245059295,1.70,286.0,2.73,10.20,41.0,0.34,180.0
141.86982980105404,-10.462807516469038,1.10,331.0,2.87,11.30,61.0,0.42,195.0
709.9725070737813,22.380755915678527,9.60,221.0,1.57,5.80,265.0,0.59,176.0
711.4840302081686,22.818302424242425,9.60,228.0,1.58,5.50,198.0,0.53,171.0
182.20467150461133,-19.667985811594203,3.40,222.0,2.60,13.50,10.0,0.74,200.0
133.07972939657444,-30.911650733860338,1.20,215.0,2.83,14.00,1.0,0.78,198.0
419.3623902068511,1.0956004848484848,5.40,195.0,2.89,13.70,2.0,0.80,195.0
179.0215934347826,-20.79458704611331,2.20,205.0,2.78,7.80,233.0,0.62,186.0
168.5238511251647,-29.539068770750987,1.20,204.0,2.62,7.80,220.0,0.68,183.0
711.4258711146244,22.64723941238472,9.60,197.0,1.72,6.30,212.0,0.58,182.0
139.93676951778656,-19.25872351646904,0.10,205.0,1.73,6.60,209.0,0.58,191.0
682.3849596113307,22.786832945981555,8.20,251.0,2.25,12.00,6.0,0.46,179.0
655.5271821330698,21.362769179183136,7.30,246.0,2.13,11.80,1.0,0.53,183.0
139.19078531093544,-17.58455497891963,0.01,219.0,2.02,5.10,247.0,0.56,191.0
708.4484318089592,23.390137175230564,9.60,219.0,2.00,6.20,265.0,0.52,182.0
403.3880663557312,39.86099060474308,4.40,236.0,2.62,12.50,310.0,0.25,243.0
230.7700230750988,9.593620042160737,2.80,257.0,2.53,11.90,321.0,0.28,218.0
553.7006143201581,30.39660783662714,5.10,269.0,2.05,11.50,325.0,0.20,198.0
683.9062556376812,23.85891612121212,7.90,214.0,1.77,5.50,208.0,0.40,172.0
718.3104836982873,25.04467811857707,9.70,204.0,1.82,5.10,200.0,0.30,156.0
683.3215909894599,25.76201142424242,8.60,222.0,1.40,5.00,207.0,0.43,211.0
690.8608982740449,25.403557534914363,8.70,217.0,1.35,4.70,190.0,0.39,201.0
630.311068453228,25.68624753491436,6.90,215.0,1.29,6.00,211.0,0.48,210.0
636.4788575810276,28.306364888010542,6.80,226.0,1.19,5.70,222.0,0.29,221.0
464.70525859683795,35.28700553754941,5.30,226.0,0.93,7.10,254.0,0.50,230.0
466.4251592134387,40.16102592226614,5.20,233.0,0.88,9.90,6.0,0.43,249.0
178.55363021607377,-13.408528683794469,1.00,187.0,1.96,5.30,187.0,0.42,175.0
177.14870324769433,-16.1478175256917,1.00,181.0,1.98,5.20,203.0,0.47,175.0
230.24568746376812,-30.135866304347825,0.70,191.0,1.98,5.50,167.0,0.58,162.0
208.03036354677204,-9.84501761660079,0.60,201.0,1.82,5.90,187.0,0.36,142.0
181.83667668774703,-7.472487985507247,0.90,198.0,2.18,6.00,195.0,0.29,162.0
712.0664271370223,15.692119661396575,9.20,192.0,1.72,6.20,228.0,0.97,165.0
697.2169483662715,8.771937023715415,8.40,191.0,1.59,6.60,211.0,1.15,165.0
678.2079925862977,22.662062640316204,7.70,209.0,1.44,5.10,183.0,0.50,175.0
385.62714208959153,18.039749529644265,3.70,104.0,1.34,5.10,182.0,0.41,188.0
433.62084897628455,20.533909599472995,4.40,168.0,1.45,5.70,181.0,0.51,194.0
659.6179293306983,20.73338270619236,6.00,183.0,2.63,11.60,336.0,0.53,133.0
648.7570168801053,21.418116733860344,6.20,209.0,2.35,11.60,7.0,0.46,148.0
495.83310729644273,15.797500764163372,4.90,151.0,1.97,10.90,4.0,0.61,193.0
683.1067104361001,18.901964255599477,8.00,173.0,1.99,11.00,10.0,0.73,182.0
679.3434760566536,18.708241393939392,7.80,211.0,1.79,10.10,357.0,0.69,172.0
252.39740131093546,11.10213967325428,3.00,206.0,2.36,6.40,206.0,0.27,216.0
382.84441138735184,24.20122578919631,3.60,191.0,2.55,7.10,188.0,0.20,185.0
162.72119293544137,-9.985581450592885,0.90,202.0,2.36,6.60,185.0,0.34,186.0
164.49599167720686,-8.551713538866931,0.90,219.0,2.17,7.30,196.0,0.32,183.0
96.26176105928853,0.2810964202898551,0.10,217.0,1.90,7.00,217.0,0.44,272.0
94.71527627272727,-1.2847903623188404,0.01,207.0,2.09,6.70,226.0,0.44,262.0
147.22216301449276,-9.28457683662714,0.20,225.0,2.47,11.90,10.0,0.31,199.0
152.51502229380765,-10.638495553359684,0.10,221.0,2.32,11.90,13.0,0.34,190.0
397.23227083003957,37.99924551251647,3.90,229.0,1.79,11.90,3.0,0.16,280.0
321.0019598353096,24.32686130566535,3.30,218.0,1.46,12.00,19.0,0.16,243.0
638.1880912516469,30.680623303030305,7.00,243.0,1.48,11.80,8.0,0.26,254.0
533.5020808537549,31.61019694202898,5.00,196.0,1.19,6.90,245.0,0.29,218.0
574.7366668880105,31.02632747299078,5.50,204.0,1.20,5.50,221.0,0.26,232.0
637.6337579657443,28.724203101449273,6.90,211.0,1.55,5.60,229.0,0.32,228.0
478.2656282397892,33.93876313833992,4.80,203.0,1.51,11.10,1.0,0.35,225.0
631.3577728998683,38.59308453886693,8.70,235.0,1.75,12.20,356.0,0.78,270.0
591.7266781594202,38.04118730961792,7.30,223.0,1.19,11.10,352.0,0.65,263.0
590.0688670105402,40.0435772740448,7.20,219.0,1.28,6.90,230.0,0.64,273.0
222.76880521607376,38.43428525691699,4.80,219.0,1.37,6.70,227.0,0.74,276.0
542.7989266363636,52.40418018577075,5.90,195.0,1.54,5.90,243.0,0.62,313.0
556.2677086930172,46.50770616600791,6.00,210.0,1.52,6.40,243.0,0.54,305.0
585.0915575322794,38.94793384980237,6.30,221.0,1.47,5.50,219.0,0.44,288.0
573.344201853755,35.689128967061926,6.00,216.0,1.46,13.50,312.0,0.36,260.0
587.331654345191,31.465888827404484,5.20,201.0,1.66,13.50,350.0,0.04,236.0
597.1433922213438,35.771349032938076,5.10,186.0,1.73,5.60,236.0,0.31,11.0
716.5111163939393,23.844704281949937,8.40,321.0,2.00,8.10,264.0,0.67,97.0
647.5444624044796,21.20145528458498,5.10,315.0,1.91,8.10,253.0,0.75,100.0
585.2148985625823,24.287729515151515,4.10,49.0,1.60,7.90,269.0,0.46,117.0
590.4681798603425,26.488144864295123,4.20,23.0,1.54,7.80,280.0,0.45,102.0
287.2435534347826,2.89354787088274,2.40,232.0,1.39,12.50,348.0,0.35,145.0
432.2893359314888,-2.5462843557312254,2.30,223.0,1.36,13.30,344.0,0.64,113.0
726.9539763741766,19.605343920948616,9.90,194.0,1.93,16.80,346.0,0.77,149.0
315.555787486166,-47.5365515256917,0.20,203.0,2.93,16.30,3.0,0.70,156.0
720.9801982305664,25.617990142292488,9.00,185.0,1.60,12.50,334.0,0.42,84.0
688.767324886693,27.375395769433464,7.20,198.0,1.30,12.30,346.0,0.40,69.0
633.0659680500659,32.362953683794466,6.00,353.0,2.60,13.50,8.0,0.10,323.0
658.6124673386034,30.02626797760211,6.90,344.0,2.86,13.10,8.0,0.09,276.0
527.9726373517788,36.290257545454544,4.80,350.0,2.43,12.50,7.0,0.19,270.0
231.99608777602106,14.777009893280635,2.80,199.0,1.26,8.50,351.0,0.26,249.0
542.6900596100131,33.450689179183136,5.40,250.0,1.27,8.70,271.0,0.29,239.0
543.1623107536232,33.02782216469038,5.10,211.0,1.34,8.90,325.0,0.24,231.0
538.7522946930171,30.272511064558632,5.50,298.0,1.86,9.90,14.0,0.38,227.0
687.2380044150198,26.206773739130437,8.90,300.0,2.24,12.30,5.0,0.41,217.0
668.5096332108038,28.464177475625824,8.20,287.0,2.80,7.40,283.0,0.34,227.0
671.5371126482213,26.891739642951254,8.50,278.0,2.58,7.40,293.0,0.46,217.0
460.08922404216077,29.16822409354414,5.30,238.0,2.13,8.70,277.0,0.55,211.0
475.9227558748353,35.4137842397892,5.30,318.0,1.18,13.50,1.0,0.48,236.0
103.18779595652173,-5.071102781291172,1.40,260.0,1.35,13.50,59.0,0.53,230.0
630.8934898471674,23.045664619235833,6.50,183.0,1.22,6.10,233.0,0.53,193.0
480.5079738102767,27.743186570487484,4.80,139.0,1.19,4.90,210.0,0.51,204.0
203.8652333320158,-5.2869725678524375,2.70,126.0,1.16,7.80,275.0,0.52,197.0
164.7913282700922,-0.9412813649538867,1.40,230.0,1.13,7.40,237.0,0.25,203.0
64.70831170092225,-21.008187774703558,1.00,127.0,2.28,7.80,9.0,1.07,215.0
97.68638996706193,-17.533959274044793,4.20,102.0,2.24,11.10,333.0,1.09,216.0
103.22461677338605,-29.79306213175231,3.10,160.0,2.64,11.50,14.0,1.10,207.0
229.0553894097497,25.639931951251647,4.40,283.0,1.73,13.00,335.0,0.61,253.0
79.91914793017128,6.798130005270093,3.40,289.0,1.64,11.90,306.0,0.79,261.0
145.38823621475626,0.6393133781291174,2.70,266.0,1.36,10.30,273.0,0.51,226.0
129.9683589038208,-4.418517677206851,0.80,158.0,1.49,10.00,285.0,0.36,218.0
125.23068688405796,-4.928677276679841,0.50,260.0,1.50,10.80,329.0,0.37,225.0
678.4494096521739,27.21902218708827,8.10,183.0,1.72,11.10,14.0,0.37,223.0
677.6023983570487,28.17165194729908,8.20,186.0,1.85,5.60,203.0,0.37,237.0
332.10289806587616,32.689224084321474,3.80,98.0,1.60,6.50,222.0,0.34,265.0
196.48534015810276,9.692435453227931,1.70,38.0,3.79,13.50,27.0,0.04,326.0
414.1156626126483,42.54492600790514,3.90,316.0,4.81,13.30,22.0,0.05,21.0
204.68225860474305,7.0749684176548095,2.00,307.0,4.43,13.80,25.0,0.07,171.0
684.2662032134388,-2.740243188405797,8.70,9.0,3.50,11.60,338.0,1.40,175.0
335.57082272068516,-121.68853497233204,8.30,31.0,3.48,10.90,337.0,3.19,187.0
-6.611371666666666,6.942882913043478,7.10,224.0,1.07,8.30,344.0,2.03,271.0
-49.47750882740448,0.055622491436100124,8.50,214.0,1.03,7.50,320.0,4.37,263.0
432.6488259301712,32.53380446508564,3.90,150.0,1.19,7.50,213.0,0.23,195.0
699.6038421936759,25.144774312252963,6.00,75.0,1.03,7.60,219.0,0.84,77.0
417.8616880131752,42.28212468379447,3.90,346.0,3.57,11.10,44.0,0.14,306.0
132.17252127140975,23.147223836627145,3.30,341.0,3.71,10.70,53.0,0.60,295.0
475.24569386166013,44.14525153096179,3.70,345.0,3.28,11.10,49.0,0.25,36.0
676.6531355652173,29.593555494071147,7.30,15.0,3.47,10.00,40.0,0.11,285.0
660.8838638998683,34.48566330566535,7.70,11.0,3.27,9.90,60.0,0.42,286.0
269.59260639130434,26.34042739920949,2.60,288.0,1.99,10.40,9.0,0.23,347.0
191.5559290922266,17.388773963109355,2.10,283.0,1.94,11.50,13.0,0.28,320.0
333.68632737944665,35.5419558972332,3.40,256.0,1.65,8.30,343.0,0.24,327.0
519.8223590737814,36.601572658761526,4.60,257.0,1.65,7.80,335.0,0.02,296.0
617.5634056903821,30.37006155599473,6.40,240.0,2.04,10.90,352.0,0.24,237.0
542.3603407602108,30.95466322793149,5.00,235.0,1.75,7.60,299.0,0.23,200.0
586.4046706495388,18.639886985507246,5.70,224.0,1.67,7.80,288.0,0.59,180.0
646.2185447733862,32.84676484189724,7.60,240.0,1.74,7.90,284.0,0.37,273.0
678.3671033267458,27.892121533596836,6.90,205.0,1.41,7.40,247.0,0.35,67.0
679.3609073201582,28.54284643741765,7.60,194.0,1.30,7.20,250.0,0.05,270.0
574.3508788353097,32.08143073254282,5.50,223.0,1.24,7.40,270.0,0.21,242.0
673.4822967483531,27.155920006587614,8.20,236.0,1.34,7.50,259.0,0.35,219.0
686.4473030777337,27.775943553359685,8.30,224.0,1.66,4.70,236.0,0.13,228.0
686.3176713412385,27.966370944664035,7.90,206.0,1.84,5.20,225.0,0.01,45.0
609.2579710171278,31.672187779973648,5.00,73.0,1.51,13.30,340.0,0.06,80.0
716.4798724980238,27.466446259552043,9.40,4.0,1.99,5.90,90.0,0.06,218.0
532.5842542358366,34.54859062582345,4.70,303.0,2.42,11.60,19.0,0.05,306.0
431.7405777971014,37.240422889328066,4.00,302.0,2.25,11.90,7.0,0.10,253.0
494.8560317852438,38.85109027404479,4.50,287.0,2.45,10.60,3.0,0.08,293.0
279.53318962055334,26.239397843214757,3.80,336.0,1.03,12.30,11.0,0.42,255.0
284.5272532542819,29.63944016732543,4.70,283.0,1.32,7.60,340.0,0.61,248.0
608.7779348129117,33.61436134123848,7.70,314.0,2.12,13.50,4.0,0.68,249.0
527.5564782371541,39.11210218577075,6.50,315.0,1.99,13.00,349.0,0.64,250.0
88.67597780632411,-4.128161753623189,1.70,199.0,1.60,11.30,325.0,0.62,238.0
85.0901431251647,-6.300315801054017,0.20,37.0,1.22,10.20,318.0,0.60,235.0
635.4986228168642,32.81800207509881,7.70,3.0,1.51,6.00,114.0,0.63,248.0
412.60220840579706,19.450518866930175,5.50,212.0,2.00,6.50,233.0,0.73,210.0
612.2729607562582,21.989812205533596,7.40,217.0,2.06,6.50,230.0,0.76,211.0
640.0673423069829,23.084096886693015,7.70,206.0,2.59,7.10,211.0,0.67,213.0
590.838751080369,24.015876472990776,6.80,200.0,2.57,7.30,246.0,0.67,213.0
536.1417504347827,18.302595562582344,6.60,207.0,2.41,8.40,230.0,0.83,208.0
611.3001810632411,20.757581463768116,7.40,210.0,2.54,8.10,224.0,0.78,209.0
133.69847189328064,0.9656206772068512,3.90,184.0,1.90,7.90,233.0,0.74,229.0
666.5282112779973,24.424761789196314,8.80,192.0,1.52,7.90,233.0,0.78,219.0
509.31624159420295,38.070551533596834,3.30,325.0,3.86,14.60,8.0,0.50,67.0
328.0570216389987,24.13451900658762,1.60,317.0,4.33,14.40,20.0,0.40,71.0
243.50908168511197,14.560208217391304,1.40,280.0,3.13,13.70,64.0,0.24,51.0
248.03050001712782,12.560724600790513,1.00,290.0,3.35,13.00,73.0,0.27,55.0
516.671512566535,28.605010720685108,3.90,241.0,2.50,12.20,28.0,0.37,99.0
564.2344538735179,28.813357513833992,4.50,249.0,2.63,11.50,24.0,0.29,93.0
387.34158678524375,22.42217952173913,1.90,243.0,2.10,11.30,1.0,0.55,75.0
370.59187472332013,19.670833484848487,2.10,246.0,1.96,10.60,359.0,0.49,79.0
527.2701106508564,13.762492139657445,1.40,182.0,2.08,9.40,40.0,0.84,85.0
513.5531523689065,1.9180099934123847,1.40,195.0,2.25,9.10,43.0,0.81,96.0
727.5508939235837,23.738556225296442,9.00,202.0,1.80,13.10,273.0,0.79,90.0
557.933282511199,18.188055985507248,2.10,209.0,1.68,7.30,9.0,0.89,81.0
228.08089036495392,-0.08778273386034258,1.10,223.0,1.43,12.00,345.0,0.30,107.0
252.04401718313574,8.818643068511198,1.80,207.0,1.53,7.90,19.0,0.26,92.0
549.7391592793149,6.615447770750987,2.50,225.0,1.40,7.30,240.0,0.84,99.0
690.8850736350462,27.23476477997365,7.60,285.0,1.86,9.80,6.0,0.40,69.0
670.8256881475626,28.429355271409747,6.80,257.0,1.90,11.30,6.0,0.38,62.0
715.5946621752305,26.16476108168643,9.10,192.0,1.53,12.50,323.0,0.22,100.0
698.8802141093544,27.27583983135705,7.90,188.0,1.40,11.90,347.0,0.26,69.0
315.72253513570485,0.6004348142292489,2.60,196.0,1.99,6.60,217.0,0.43,146.0
305.0480668893281,6.260724948616601,2.50,199.0,2.04,6.50,216.0,0.35,137.0
261.8844784097497,8.325877598155467,1.90,114.0,1.53,7.30,314.0,0.24,102.0
250.5016731936759,-0.623698675889328,1.20,157.0,1.44,7.20,320.0,0.35,108.0
280.3569127220026,-8.488960533596838,0.01,9.0,1.27,7.40,256.0,0.48,112.0
308.92571623451914,-5.107090100131753,2.10,263.0,1.29,7.30,245.0,0.48,136.0
365.2811188260869,29.1854801370224,2.80,161.0,1.50,9.50,310.0,0.31,54.0
483.86309235836626,44.47346891304348,3.80,163.0,1.63,9.60,356.0,0.31,30.0
442.82958354150196,37.27523985507246,3.90,215.0,1.94,11.90,30.0,0.01,270.0
587.6458362859026,29.050455872200263,5.20,248.0,2.12,9.50,11.0,0.11,138.0
687.4932003478261,26.09323063768116,7.40,203.0,1.83,9.60,338.0,0.29,105.0
685.0105849604743,25.517482054018444,7.30,200.0,1.70,9.70,297.0,0.32,122.0
327.4230634413702,16.535646169960476,2.80,139.0,1.47,7.00,223.0,0.25,139.0
251.3478266284585,9.573028649538866,2.10,81.0,1.47,12.80,357.0,0.15,121.0
460.64433468379445,31.375430550724637,3.60,66.0,1.47,12.80,14.0,0.24,138.0
653.3520503662713,27.030634981554677,6.00,195.0,1.96,10.00,319.0,0.30,97.0
702.6547873109354,25.416941197628457,7.90,197.0,1.93,10.20,321.0,0.41,95.0
-20.45973351251647,-51.06912236363635,6.20,191.0,1.70,10.60,332.0,0.77,192.0
-58.56534806455863,-141.30343021475625,4.20,172.0,1.49,10.70,340.0,0.73,194.0
-23.705211638998684,-49.17342175362318,5.50,174.0,1.34,9.90,312.0,0.59,195.0
-24.91597375098814,-56.00753130566534,5.90,179.0,1.29,8.10,258.0,0.76,198.0
-22.692486093544133,-53.154288566534916,5.70,184.0,1.30,11.90,327.0,0.68,187.0
-92.9922544110672,-167.214854599473,1.50,9.0,0.81,9.10,277.0,0.38,185.0
-63.70426996837944,-159.57527601844532,3.30,258.0,2.55,13.80,26.0,0.60,166.0
-4.271144934123847,-17.313101069828722,8.30,243.0,3.16,9.10,3.0,0.81,177.0
-12.132921951251646,-36.061882781291175,6.60,224.0,3.28,9.30,324.0,0.68,169.0
-50.133172660079055,-97.9552761251647,3.80,201.0,2.64,9.70,31.0,0.47,198.0
-89.46904147430828,-204.4670144426877,3.20,198.0,1.97,9.40,337.0,0.68,192.0
-41.75589413570487,-93.7344046350461,4.60,252.0,1.43,9.50,315.0,0.68,194.0
-31.39738683399209,-66.3000112621871,5.00,255.0,1.65,15.10,353.0,0.59,198.0
-29.4426404229249,-54.677739266139646,4.90,211.0,1.84,8.80,244.0,0.47,203.0
-20.42267583662714,-37.975638077733855,5.60,220.0,2.02,8.70,228.0,0.41,200.0
-19.708942898550728,-31.95420070619236,5.40,295.0,1.96,12.80,6.0,0.28,270.0
-8.631371673254282,-12.947578135704873,7.10,263.0,2.40,7.40,272.0,0.30,255.0
-21.505159015810275,-34.058777843214756,5.40,255.0,1.95,10.00,309.0,0.36,254.0
-45.8599537483531,-73.35172347299078,3.60,266.0,1.84,9.80,277.0,0.35,243.0
-68.22528007641634,-111.60758638208168,2.20,276.0,1.39,7.90,349.0,0.26,241.0
-11.059222229249013,-18.5251478801054,6.60,280.0,1.91,6.80,273.0,0.25,225.0
-8.097395932806323,-13.464599923583663,6.90,189.0,1.73,5.20,195.0,0.01,135.0
-3.9948833320158106,-6.5717813992094865,7.70,179.0,2.28,6.40,174.0,0.11,131.0
-30.74167186956522,-52.672317164690384,4.60,320.0,3.04,9.30,291.0,0.33,220.0
-13.50414926350461,-22.86318471936759,6.40,297.0,2.85,9.30,300.0,0.35,225.0
-21.0256773715415,-36.778423233201586,5.60,298.0,2.77,8.80,272.0,0.40,214.0
-32.83243530303031,-57.72690173254282,4.90,302.0,2.50,8.80,254.0,0.51,216.0
-12.460423885375493,-21.895497636363636,6.60,297.0,2.56,9.30,266.0,0.39,211.0
-13.60514515546772,-23.47514125691699,6.20,237.0,1.36,8.00,235.0,0.25,217.0
-19.7776294229249,-34.549885115942025,5.50,232.0,1.38,8.30,263.0,0.32,214.0
-31.318175959156783,-53.58960268774704,4.20,230.0,1.52,7.70,274.0,0.18,218.0
-5.592487434782609,-10.366594787878787,7.60,332.0,3.94,10.70,337.0,0.28,212.0
-18.302911623188404,-33.2445657944664,5.70,331.0,3.68,11.00,352.0,0.27,222.0
-21.496939173913045,-36.81948017654809,5.30,314.0,2.72,11.40,325.0,0.31,233.0
-20.071687333333333,-34.2010436284585,5.60,288.0,2.44,11.00,355.0,0.36,238.0
-103.66973076943347,-189.86265235441374,3.40,161.0,1.84,8.20,212.0,0.71,215.0
-149.77303679578392,-282.43444080895915,2.30,147.0,1.71,8.50,205.0,0.70,204.0
-119.41999038339922,-217.67482002239788,1.90,257.0,1.73,8.00,229.0,0.53,199.0
-45.25059421080368,-75.43384594071146,3.30,284.0,1.28,7.30,239.0,0.22,240.0
-57.361596218708826,-95.41148319762848,3.00,295.0,1.26,12.30,11.0,0.35,233.0
-27.65085817259552,-49.161627494071155,4.70,245.0,1.06,8.30,263.0,0.33,205.0
-40.46233476548089,-71.73598399736495,4.10,251.0,1.02,7.30,237.0,0.45,213.0
-25.319738712779973,-42.08691891699605,5.10,255.0,0.99,7.80,244.0,0.40,238.0
-32.0016186403162,-54.53403541370224,4.40,227.0,1.17,7.70,249.0,0.33,226.0
-28.099752304347824,-91.97352856785244,5.10,317.0,3.22,15.10,24.0,0.72,159.0
-29.55541923320158,-81.1362260395257,4.30,322.0,3.21,14.00,33.0,0.61,142.0
-19.030722646903822,-46.55115411725955,5.20,313.0,2.88,7.50,303.0,0.52,144.0
-24.85318426086956,-70.43578663899868,5.00,321.0,3.10,8.10,320.0,0.64,159.0
-24.54198329249012,-90.11360357971014,5.00,332.0,3.32,8.30,305.0,0.79,151.0
-85.45237522793148,-309.1908105599473,5.20,215.0,1.74,7.70,248.0,1.16,169.0
-20.725414936758895,-111.03410923715415,6.20,215.0,1.79,7.60,251.0,1.08,158.0
-63.422103874835315,-236.47988043214755,6.00,215.0,2.28,17.40,360.0,1.17,172.0
-82.90921882213439,-311.8492901001317,4.80,186.0,3.26,16.30,320.0,1.20,164.0
-104.66268566666668,-338.9653511633729,3.60,210.0,3.09,15.80,11.0,1.03,156.0
-19.50154904216074,-39.82386913043478,4.50,254.0,1.07,7.40,314.0,0.53,85.0
-16.99629846903821,-34.21085829117259,4.60,200.0,1.10,7.60,318.0,0.59,74.0
-2.5349859631093543,-7.628401679841897,7.10,203.0,1.65,6.00,189.0,0.72,82.0
-6.8195744914361,-15.563669028985506,6.30,178.0,1.59,6.10,201.0,0.64,83.0
-15.631152251646904,-33.05837370355731,4.70,154.0,1.64,6.40,209.0,0.62,81.0
-26.622960890645587,-54.777025696969694,2.70,152.0,1.56,6.50,185.0,0.68,73.0
-48.99143021475626,-52.297660393939395,0.50,196.0,1.22,6.70,246.0,0.86,344.0
-63.11749007641634,-64.07651409090909,1.10,290.0,1.08,8.10,235.0,0.87,329.0
-25.788566762845846,-37.38149604611331,4.30,286.0,1.05,7.10,232.0,0.47,344.0
-35.44581718050066,-48.166215488801065,3.60,273.0,1.06,7.40,265.0,0.53,330.0
-43.45969795783927,-73.149440914361,2.90,26.0,1.34,8.50,346.0,0.18,47.0
-68.57720460079051,-115.76298501976285,1.60,20.0,1.33,8.80,360.0,0.09,117.0
-40.38198468511199,-67.3464088511199,3.00,231.0,1.42,8.30,306.0,0.25,32.0
-40.34302505401844,-66.73617973386035,3.30,225.0,1.27,8.50,322.0,0.12,340.0
-41.51742787878788,-94.50145467984191,3.60,79.0,1.94,10.90,300.0,0.51,159.0
-44.06171641765481,-103.11070882081688,2.90,53.0,1.96,11.10,326.0,0.52,128.0
-141.22472698023714,-346.36163131884064,1.50,19.0,1.43,9.10,328.0,0.80,163.0
-201.8360091897233,-453.7547319354413,0.70,27.0,1.30,10.20,339.0,0.98,167.0
-12.680601516469038,-32.89155769038208,6.70,240.0,2.11,11.60,6.0,0.67,176.0
-11.153723670619236,-32.13745738471674,7.10,193.0,1.75,11.30,347.0,0.79,180.0
-30.174018537549408,-67.53925810540184,2.80,349.0,4.73,14.00,59.0,0.46,94.0
-27.580606421607378,-59.257084616600785,2.80,335.0,4.30,14.20,46.0,0.50,83.0
-9.517963872200262,-16.276061554677206,5.30,206.0,2.15,6.60,267.0,0.74,45.0
-29.50421447694335,-64.89714918972332,5.10,244.0,2.06,8.80,223.0,0.61,186.0
-9.562522561264823,-23.00889575889328,7.00,227.0,2.44,8.60,228.0,0.59,171.0
-18.288333971014495,-32.41233176679842,5.20,335.0,2.79,10.70,51.0,0.10,84.0
-9.95006309486166,-16.895059598155466,6.50,341.0,2.67,10.60,74.0,0.05,53.0
-44.13127570750987,-71.2849370909091,3.20,262.0,1.76,9.30,29.0,0.20,290.0
-25.799290051383398,-42.45295443741765,4.50,252.0,1.62,9.30,9.0,0.17,327.0
-43.85427006455863,-80.89585845454546,3.20,331.0,1.62,11.50,30.0,0.26,151.0
-49.996939089591564,-90.31897397891964,2.70,330.0,1.69,10.60,358.0,0.22,133.0
-54.2019633886693,-112.9696626903821,3.40,238.0,1.64,8.80,348.0,0.51,182.0
-25.825167169960473,-55.06835172332015,4.90,238.0,1.90,8.50,345.0,0.47,171.0
-6.049723129117259,-9.751273710144927,7.80,346.0,1.40,5.20,105.0,0.51,225.0
-41.45759328326746,-70.85374246903821,5.00,342.0,1.49,6.40,360.0,0.71,227.0
-7.81582723320158,-17.593881770750986,7.30,252.0,1.39,8.50,309.0,0.56,182.0
-127.45873882872199,-234.01184728853752,1.30,247.0,1.43,4.50,224.0,0.51,192.0
-0.8779244084321477,-1.5690848221343876,8.70,242.0,1.50,5.00,225.0,0.42,195.0
0.5561982621870881,1.3055888194993412,9.10,295.0,2.86,9.60,305.0,0.42,207.0
2.868441885375494,6.083496895915678,9.80,287.0,2.93,10.00,319.0,0.44,220.0
-4.529690578392621,-7.906119362318841,8.10,277.0,2.85,9.80,307.0,0.51,216.0
-4.590383028985507,-8.05178423320158,8.10,297.0,2.57,9.50,280.0,0.51,211.0
-172.17144809486166,-285.3452017997365,0.50,231.0,2.23,7.90,263.0,0.56,211.0
-137.6598978115942,-228.91874120553356,1.40,229.0,2.13,7.10,271.0,0.51,213.0
-62.31878817918313,-114.08280524505929,3.80,222.0,2.23,7.40,256.0,0.60,210.0
-106.76467824769432,-188.05613404216075,2.10,216.0,2.31,7.80,283.0,0.50,206.0
-95.52061557312254,-160.2637180513834,1.70,209.0,2.19,7.30,244.0,0.34,210.0
-111.47473214229251,-178.17858183794462,1.80,206.0,2.38,7.80,272.0,0.44,223.0
-27.688980710144925,-62.683930418972324,4.80,208.0,2.83,6.50,204.0,0.51,163.0
-49.77198209881422,-104.5618910289855,4.20,337.0,2.49,9.10,35.0,0.59,197.0
-39.31907888537549,-89.85758647562584,4.30,263.0,2.64,11.10,14.0,0.53,178.0
-38.40821266403162,-85.80408276021082,4.40,254.0,2.45,10.80,15.0,0.54,182.0
-22.990068743083004,-49.8846020289855,5.30,249.0,2.40,10.70,352.0,0.48,179.0
-37.34466756521739,-74.48790442028987,3.90,62.0,1.33,9.80,341.0,0.41,170.0
-44.00531471673254,-83.40378211857707,3.50,14.0,1.33,8.80,1.0,0.36,177.0
-14.949414005270093,-28.371453952569173,6.20,329.0,1.18,9.00,336.0,0.44,200.0
-90.65765366798419,-169.18153874044796,1.70,286.0,2.73,10.20,41.0,0.34,180.0
-126.25836837549407,-226.44889769565216,1.10,331.0,2.87,11.30,61.0,0.42,195.0
2.520751449275362,3.1251927312252965,9.60,221.0,1.57,5.80,265.0,0.59,176.0
2.731382288537549,3.837831258234519,9.60,228.0,1.58,5.50,198.0,0.53,171.0
-107.47897945981553,-243.38623881949934,3.40,222.0,2.60,13.50,10.0,0.74,200.0
-203.10806349934123,-395.15988982608695,1.20,215.0,2.83,14.00,1.0,0.78,198.0
-38.689272542819495,-107.62798722002636,5.40,195.0,2.89,13.70,2.0,0.80,195.0
-124.43395237417656,-256.66047250461133,2.20,205.0,2.78,7.80,233.0,0.62,186.0
-166.71095485638998,-337.52227270882736,1.20,204.0,2.62,7.80,220.0,0.68,183.0
2.294957466403162,2.9847227391304343,9.60,197.0,1.72,6.30,212.0,0.58,182.0
-163.34010608300395,-301.4577463978919,0.10,205.0,1.73,6.60,209.0,0.58,191.0
-2.948680162055336,-7.170443939393939,8.20,251.0,2.25,12.00,6.0,0.46,179.0
-8.015284488801054,-18.169761557312253,7.30,246.0,2.13,11.80,1.0,0.53,183.0
-159.32440125559947,-290.56432329117257,0.01,219.0,2.02,5.10,247.0,0.56,191.0
2.504634588932806,3.8510204901185774,9.60,219.0,2.00,6.20,265.0,0.52,182.0
-30.695995511198944,-50.516548487483526,4.40,236.0,2.62,12.50,310.0,0.25,243.0
-57.378426815546774,-98.43863264031621,2.80,257.0,2.53,11.90,321.0,0.28,218.0
-21.62114240843215,-38.93287531620554,5.10,269.0,2.05,11.50,325.0,0.20,198.0
-3.8659123043478263,-8.000103519104083,7.90,214.0,1.77,5.50,208.0,0.40,172.0
3.552224685111989,6.757113549407115,9.70,204.0,1.82,5.10,200.0,0.30,156.0
-1.5630157957839261,-2.351972437417655,8.60,222.0,1.40,5.00,207.0,0.43,211.0
-0.7895656073781293,-1.1520640948616603,8.70,217.0,1.35,4.70,190.0,0.39,201.0
-10.924416652173912,-20.02282252173913,6.90,215.0,1.29,6.00,211.0,0.48,210.0
-9.939799714097495,-16.926551602108038,6.80,226.0,1.19,5.70,222.0,0.29,221.0
-25.670963101449274,-43.29357623847167,5.30,226.0,0.93,7.10,254.0,0.50,230.0
-24.65129077602108,-39.76240937022398,5.20,233.0,0.88,9.90,6.0,0.43,249.0
-110.04019814756258,-207.94200617391306,1.00,187.0,1.96,5.30,187.0,0.42,175.0
-117.88491136758893,-226.9151501870883,1.00,181.0,1.98,5.20,203.0,0.47,175.0
-122.61763324901185,-264.59866703162055,0.70,191.0,1.98,5.50,167.0,0.58,162.0
-89.2516502345191,-169.37724484321475,0.60,201.0,1.82,5.90,187.0,0.36,142.0
-93.01032610935442,-168.2913259578393,0.90,198.0,2.18,6.00,195.0,0.29,162.0
0.6094649855072465,-8.595397284584982,9.20,192.0,1.72,6.20,228.0,0.97,165.0
-3.955668,-33.09092864953887,8.40,191.0,1.59,6.60,211.0,1.15,165.0
-5.154264270092226,-11.638374540184454,7.70,209.0,1.44,5.10,183.0,0.50,175.0
-43.455220947299075,-82.48445318445323,3.70,104.0,1.34,5.10,182.0,0.41,188.0
-36.471670981554674,-72.36521864163373,4.40,168.0,1.45,5.70,181.0,0.51,194.0
-12.444327009222663,-31.174407405797105,6.00,183.0,2.63,11.60,336.0,0.53,133.0
-12.62257530961792,-28.40659513438735,6.20,209.0,2.35,11.60,7.0,0.46,148.0
-33.423157774703554,-73.56190471805007,4.90,151.0,1.97,10.90,4.0,0.61,193.0
-5.373785088274046,-15.81823390118577,8.00,173.0,1.99,11.00,10.0,0.73,182.0
-5.365276951251646,-16.03972228985507,7.80,211.0,1.79,10.10,357.0,0.69,172.0
-54.84538578656126,-94.38523613570487,3.00,206.0,2.36,6.40,206.0,0.27,216.0
-40.22232859815547,-72.19971686297761,3.60,191.0,2.55,7.10,188.0,0.20,185.0
-109.31550855994729,-196.86971939525694,0.90,202.0,2.36,6.60,185.0,0.34,186.0
-104.69844493544137,-186.70629987220028,0.90,219.0,2.17,7.30,196.0,0.32,183.0
-129.11161985375495,-182.9834148405797,0.10,217.0,1.90,7.00,217.0,0.44,272.0
-140.08454315678526,-201.7721303280632,0.01,207.0,2.09,6.70,226.0,0.44,262.0
-118.06329591567852,-206.0826486508564,0.20,225.0,2.47,11.90,10.0,0.31,199.0
-119.66691040843214,-213.41380210540186,0.10,221.0,2.32,11.90,13.0,0.34,190.0
-34.0375895256917,-56.132623947299074,3.90,229.0,1.79,11.90,3.0,0.16,280.0
-43.38190610276679,-73.02342068774705,3.30,218.0,1.46,12.00,19.0,0.16,243.0
-8.572182061923584,-13.667096895915678,7.00,243.0,1.48,11.80,8.0,0.26,254.0
-24.127027222661397,-41.81731613306982,5.00,196.0,1.19,6.90,245.0,0.29,218.0
-19.099302259552044,-32.634921748353094,5.50,204.0,1.20,5.50,221.0,0.26,232.0
-9.724010451910408,-16.244101951251647,6.90,211.0,1.55,5.60,229.0,0.32,228.0
-27.656170098814233,-48.266258296442686,4.80,203.0,1.51,11.10,1.0,0.35,225.0
-4.079569772068512,-0.8867175335968376,8.70,235.0,1.75,12.20,356.0,0.78,270.0
-10.735162267457179,-13.331936654808958,7.30,223.0,1.19,11.10,352.0,0.65,263.0
-10.875248194993413,-12.799693947299078,7.20,219.0,1.28,6.90,230.0,0.64,273.0
-40.451323615283265,-48.96946475098814,4.80,219.0,1.37,6.70,227.0,0.74,276.0
-16.43239678787879,-19.323304658761526,5.90,195.0,1.54,5.90,243.0,0.62,313.0
-15.969873748353095,-20.46881819367589,6.00,210.0,1.52,6.40,243.0,0.54,305.0
-13.887572239789197,-19.683860700922267,6.30,221.0,1.47,5.50,219.0,0.44,288.0
-16.06697987088274,-25.104207366271414,6.00,216.0,1.46,13.50,312.0,0.36,260.0
-19.769482785243742,-33.973011845849804,5.20,201.0,1.66,13.50,350.0,0.04,236.0
-18.478677725955205,-30.019714433465083,5.10,186.0,1.73,5.60,236.0,0.31,11.0
1.5755424967061924,0.16822415942028987,8.40,321.0,2.00,8.10,264.0,0.67,97.0
-12.105852687747035,-33.81968692753623,5.10,315.0,1.91,8.10,253.0,0.75,100.0
-26.211034960474308,-55.43921703293808,4.10,49.0,1.60,7.90,269.0,0.46,117.0
-23.99968927931489,-49.2571063254282,4.20,23.0,1.54,7.80,280.0,0.45,102.0
-57.71924687351779,-111.26318713306983,2.40,232.0,1.39,12.50,348.0,0.35,145.0
-43.55147731884059,-108.11023421475625,2.30,223.0,1.36,13.30,344.0,0.64,113.0
4.4388215942028975,3.7043479196310938,9.90,194.0,1.93,16.80,346.0,0.77,149.0
-131.31403759156785,-339.2409763188405,0.20,203.0,2.93,16.30,3.0,0.70,156.0
2.328436553359684,4.305413598155467,9.00,185.0,1.60,12.50,334.0,0.42,84.0
-4.79767109486166,-8.445787371541503,7.20,198.0,1.30,12.30,346.0,0.40,69.0
-13.079190009222662,-21.52447201449275,6.00,353.0,2.60,13.50,8.0,0.10,323.0
-8.002914482213438,-13.013381354413703,6.90,344.0,2.86,13.10,8.0,0.09,276.0
-24.105318944664035,-40.24060472727273,4.80,350.0,2.43,12.50,7.0,0.19,270.0
-54.70661649538867,-89.44842789591569,2.80,199.0,1.26,8.50,351.0,0.26,249.0
-20.417610209486167,-34.140904638998684,5.40,250.0,1.27,8.70,271.0,0.29,239.0
-22.29946368906456,-38.20055679183136,5.10,211.0,1.34,8.90,325.0,0.24,231.0
-21.23443470223979,-37.10835499209486,5.50,298.0,1.86,9.90,14.0,0.38,227.0
-0.3503037536231883,-0.12716040843214793,8.90,300.0,2.24,12.30,5.0,0.41,217.0
-3.1977468590250333,-4.29289687483531,8.20,287.0,2.80,7.40,283.0,0.34,227.0
-2.3852764519104084,-3.5016096310935443,8.50,278.0,2.58,7.40,293.0,0.46,217.0
-27.325692137022397,-50.12174698682477,5.30,238.0,2.13,8.70,277.0,0.55,211.0
-25.232115208168644,-42.219014690382075,5.30,318.0,1.18,13.50,1.0,0.48,236.0
-143.37085710935443,-222.41235143346506,1.40,260.0,1.35,13.50,59.0,0.53,230.0
-13.58402501317523,-27.242974799736494,6.50,183.0,1.22,6.10,233.0,0.53,193.0
-31.471152812911722,-59.44565665612649,4.80,139.0,1.19,4.90,210.0,0.51,204.0
-80.72545677075098,-152.38831693017127,2.70,126.0,1.16,7.80,275.0,0.52,197.0
-85.06900376416338,-143.23087436363636,1.40,230.0,1.13,7.40,237.0,0.25,203.0
-304.2677657088274,-511.0278958129117,1.00,127.0,2.28,7.80,9.0,1.07,215.0
-196.61692680895916,-371.0470762226614,4.20,102.0,2.24,11.10,333.0,1.09,216.0
-248.4075921778656,-474.01799121739134,3.10,160.0,2.64,11.50,14.0,1.10,207.0
-44.72057046508564,-64.73863016205533,4.40,283.0,1.73,13.00,335.0,0.61,253.0
-111.06768510540184,-128.87090780895915,3.40,289.0,1.64,11.90,306.0,0.79,261.0
-85.43525276416338,-138.3623865151515,2.70,266.0,1.36,10.30,273.0,0.51,226.0
-114.61627910935441,-187.82058616864293,0.80,158.0,1.49,10.00,285.0,0.36,218.0
-121.1248671080369,-197.26103637944664,0.50,260.0,1.50,10.80,329.0,0.37,225.0
-3.5958434558629775,-5.635416415019763,8.10,183.0,1.72,11.10,14.0,0.37,223.0
-3.2387410790513833,-4.418448277997365,8.20,186.0,1.85,5.60,203.0,0.37,237.0
-40.52675650329381,-64.1343893715415,3.80,98.0,1.60,6.50,222.0,0.34,265.0
-63.68666050065877,-103.9141462516469,1.70,38.0,3.79,13.50,27.0,0.04,326.0
-30.338007664031625,-50.683532840579716,3.90,316.0,4.81,13.30,22.0,0.05,21.0
-63.178124088274046,-108.63642297760211,2.00,307.0,4.43,13.80,25.0,0.07,171.0
-14.46991965085639,-133.82409542555993,8.70,9.0,3.50,11.60,338.0,1.40,175.0
-339.00633410803687,-658.844637690382,8.30,31.0,3.48,10.90,337.0,3.19,187.0
-268.5484240619236,-240.80677414624503,7.10,224.0,1.07,8.30,344.0,2.03,271.0
-413.7613863188406,-575.8323905111989,8.50,214.0,1.03,7.50,320.0,4.37,263.0
-35.66811279710144,-62.71406425428195,3.90,150.0,1.19,7.50,213.0,0.23,195.0
-5.08459306455863,-14.00235806060606,6.00,75.0,1.03,7.60,219.0,0.84,77.0
-33.02628525823452,-53.201486865612644,3.90,346.0,3.57,11.10,44.0,0.14,306.0
-61.62618081949933,-72.13073358366272,3.30,341.0,3.71,10.70,53.0,0.60,295.0
-28.211950393939397,-47.80031258498024,3.70,345.0,3.28,11.10,49.0,0.25,36.0
-6.191403673254282,-9.37118749538867,7.30,15.0,3.47,10.00,40.0,0.11,285.0
-5.923236417654809,-6.229943205533597,7.70,11.0,3.27,9.90,60.0,0.42,286.0
-46.60447367720684,-73.38399304347826,2.60,288.0,1.99,10.40,9.0,0.23,347.0
-57.22435452964427,-86.61123571277997,2.10,283.0,1.94,11.50,13.0,0.28,320.0
-38.521205932806325,-60.78662781027668,3.40,256.0,1.65,8.30,343.0,0.24,327.0
-25.20477763241107,-43.14345139920948,4.60,257.0,1.65,7.80,335.0,0.02,296.0
-12.282010221343874,-20.834632786561265,6.40,240.0,2.04,10.90,352.0,0.24,237.0
-22.935452748353093,-40.65823690118577,5.00,235.0,1.75,7.60,299.0,0.23,200.0
-19.93249675757576,-44.52375525823452,5.70,224.0,1.67,7.80,288.0,0.59,180.0
-5.974405407114624,-7.637570205533597,7.60,240.0,1.74,7.90,284.0,0.37,273.0
-6.502135845849803,-11.428932661396574,6.90,205.0,1.41,7.40,247.0,0.35,67.0
-4.641147229249012,-7.12314343478261,7.60,194.0,1.30,7.20,250.0,0.05,270.0
-18.56691190909091,-31.257007926218712,5.50,223.0,1.24,7.40,270.0,0.21,242.0
-2.9797795362318844,-4.36206146113307,8.20,236.0,1.34,7.50,259.0,0.35,219.0
-1.7476012635046112,-1.9504351040843213,8.30,224.0,1.66,4.70,236.0,0.13,228.0
-3.1586250223978913,-4.544752379446641,7.90,206.0,1.84,5.20,225.0,0.01,45.0
-20.985871545454547,-36.36143082345191,5.00,73.0,1.51,13.30,340.0,0.06,80.0
2.7468304255599474,6.158425230566536,9.40,4.0,1.99,5.90,90.0,0.06,218.0
-23.9227041488801,-40.61290790250329,4.70,303.0,2.42,11.60,19.0,0.05,306.0
-32.43632309617918,-55.199768830039524,4.00,302.0,2.25,11.90,7.0,0.10,253.0
-26.178733599472988,-44.089304802371544,4.50,287.0,2.45,10.60,3.0,0.08,293.0
-43.69286409222661,-68.60864854018446,3.80,336.0,1.03,12.30,11.0,0.42,255.0
-38.87083621739131,-58.48900829776021,4.70,283.0,1.32,7.60,340.0,0.61,248.0
-9.15750206060606,-12.32570656916996,7.70,314.0,2.12,13.50,4.0,0.68,249.0
-17.37626310935441,-25.529836015810275,6.50,315.0,1.99,13.00,349.0,0.64,250.0
-160.464772370224,-234.88161059815548,1.70,199.0,1.60,11.30,325.0,0.62,238.0
-186.0658641910408,-279.87682767061926,0.20,37.0,1.22,10.20,318.0,0.60,235.0
-8.10446128458498,-10.678019735177866,7.70,3.0,1.51,6.00,114.0,0.63,248.0
-32.625897362318845,-64.698289256917,5.50,212.0,2.00,6.50,233.0,0.73,210.0
-12.096498720685114,-24.148553135704876,7.40,217.0,2.06,6.50,230.0,0.76,211.0
-8.84333978129117,-17.20133009486166,7.70,206.0,2.59,7.10,211.0,0.67,213.0
-15.633885877470357,-29.278990724637683,6.80,200.0,2.57,7.30,246.0,0.67,213.0
-21.729215604743086,-46.26861116996048,6.60,207.0,2.41,8.40,230.0,0.83,208.0
-12.697293537549406,-26.31994957839262,7.40,210.0,2.54,8.10,224.0,0.78,209.0
-88.10321618050067,-137.63015423715413,3.90,184.0,1.90,7.90,233.0,0.74,229.0
-3.7432154071146244,-6.575244594202898,8.80,192.0,1.52,7.90,233.0,0.78,219.0
-23.44206444927536,-44.32262438076416,3.30,325.0,3.86,14.60,8.0,0.50,67.0
-40.214991963109355,-73.16547509486166,1.60,317.0,4.33,14.40,20.0,0.40,71.0
-52.88882232279316,-90.99655192885376,1.40,280.0,3.13,13.70,64.0,0.24,51.0
-53.8157780342556,-94.17884438471674,1.00,290.0,3.35,13.00,73.0,0.27,55.0
-27.565113184453228,-53.98398772859026,3.90,241.0,2.50,12.20,28.0,0.37,99.0
-22.822744300395257,-42.62612459025033,4.50,249.0,2.63,11.50,24.0,0.29,93.0
-37.24739936627141,-72.34803042424242,1.90,243.0,2.10,11.30,1.0,0.55,75.0
-39.935190968379445,-76.65448565349143,2.10,246.0,1.96,10.60,359.0,0.49,79.0
-27.191457247694338,-70.21690692094862,1.40,182.0,2.08,9.40,40.0,0.84,85.0
-32.754220411067195,-90.17430479314889,1.40,195.0,2.25,9.10,43.0,0.81,96.0
4.32133814229249,5.200725093544137,9.00,202.0,1.80,13.10,273.0,0.79,90.0
-22.00055383662714,-57.19697478919631,2.10,209.0,1.68,7.30,9.0,0.89,81.0
-68.52538339789197,-124.90567789591569,1.10,223.0,1.43,12.00,345.0,0.30,107.0
-57.617322628458496,-101.26577193017128,1.80,207.0,1.53,7.90,19.0,0.26,92.0
-27.05853483135705,-78.66606742819499,2.50,225.0,1.40,7.30,240.0,0.84,99.0
-2.8517374703557317,-4.796940930171278,7.60,285.0,1.86,9.80,6.0,0.40,69.0
-6.603378757575757,-11.304201588932807,6.80,257.0,1.90,11.30,6.0,0.38,62.0
1.9581816561264822,4.186834927536231,9.10,192.0,1.53,12.50,323.0,0.22,100.0
-2.4368132859025033,-3.6142694808959157,7.90,188.0,1.40,11.90,347.0,0.26,69.0
-55.73931644400527,-113.90706872727272,2.60,196.0,1.99,6.60,217.0,0.43,146.0
-53.51402280105402,-102.83323801844533,2.50,199.0,2.04,6.50,216.0,0.35,137.0
-58.69173053886693,-104.81255850856388,1.90,114.0,1.53,7.30,314.0,0.24,102.0
-65.8480650237154,-124.242196914361,1.20,157.0,1.44,7.20,320.0,0.35,108.0
-67.21423842951252,-137.7395032055336,0.01,9.0,1.27,7.40,256.0,0.48,112.0
-60.09801206982872,-126.93954459420289,2.10,263.0,1.29,7.30,245.0,0.48,136.0
-40.35827989591567,-69.72137142160739,2.80,161.0,1.50,9.50,310.0,0.31,54.0
-29.31120716073781,-48.1476291370224,3.80,163.0,1.63,9.60,356.0,0.31,30.0
-32.726721856389986,-55.86394130961792,3.90,215.0,1.94,11.90,30.0,0.01,270.0
-19.65526051646904,-34.92943080764163,5.20,248.0,2.12,9.50,11.0,0.11,138.0
-4.792481823451911,-9.09661391831357,7.40,203.0,1.83,9.60,338.0,0.29,105.0
-5.276756325428195,-10.553878275362319,7.30,200.0,1.70,9.70,297.0,0.32,122.0
-48.51803133596838,-87.69061989459816,2.80,139.0,1.47,7.00,223.0,0.25,139.0
-59.353531720685105,-102.76124729117261,2.10,81.0,1.47,12.80,357.0,0.15,121.0
-36.86219379314888,-67.6164072397892,3.60,66.0,1.47,12.80,14.0,0.24,138.0
-12.107894218708829,-23.168900395256916,6.00,195.0,1.96,10.00,319.0,0.30,97.0
-1.864129955204216,-4.303192753623189,7.90,197.0,1.93,10.20,321.0,0.41,95.0
-94.75552989855072,275.52419834519105,6.20,191.0,1.70,10.60,332.0,0.77,192.0
-48.655560773386036,95.50627920685113,4.20,172.0,1.49,10.70,340.0,0.73,194.0
-113.86459964031621,306.54991999473,5.50,174.0,1.34,9.90,312.0,0.59,195.0
-100.07903216469036,270.104160342556,5.90,179.0,1.29,8.10,258.0,0.76,198.0
-92.15618909881424,264.5616054044796,5.70,184.0,1.30,11.90,327.0,0.68,187.0
-67.62626838998683,109.96995504743082,1.50,9.0,0.81,9.10,277.0,0.38,185.0
-41.613789256917,81.33139029907774,3.30,258.0,2.55,13.80,26.0,0.60,166.0
-210.3025821027668,487.96892641370226,8.30,243.0,3.16,9.10,3.0,0.81,177.0
-102.75138816073782,324.50470596706197,6.60,224.0,3.28,9.30,324.0,0.68,169.0
-70.84022794071147,148.99403408300395,3.80,201.0,2.64,9.70,31.0,0.47,198.0
-47.699915317523065,78.49301907114624,3.20,198.0,1.97,9.40,337.0,0.68,192.0
-59.89640457312253,140.20105163109355,4.60,252.0,1.43,9.50,315.0,0.68,194.0
-88.0047947259552,230.10105278919633,5.00,255.0,1.65,15.10,353.0,0.59,198.0
-124.84334988801055,313.27744607246376,4.90,211.0,1.84,8.80,244.0,0.47,203.0
-174.41022019367588,420.4323553768116,5.60,220.0,2.02,8.70,228.0,0.41,200.0
-246.98661932411068,521.1331104387352,5.40,295.0,1.96,12.80,6.0,0.28,270.0
-286.27075318050066,579.3715184980238,7.10,263.0,2.40,7.40,272.0,0.30,255.0
-227.9931431212121,494.18637265612654,5.40,255.0,1.95,10.00,309.0,0.36,254.0
-128.16175328194993,277.68401970487486,3.60,266.0,1.84,9.80,277.0,0.35,243.0
-91.4720437654809,165.9574155533597,2.20,276.0,1.39,7.90,349.0,0.26,241.0
-269.36540340184456,557.8193311870883,6.60,280.0,1.91,6.80,273.0,0.25,225.0
-271.6173155243742,561.4684150737814,6.90,189.0,1.73,5.20,195.0,0.01,135.0
-279.65333817127805,575.1146156982871,7.70,179.0,2.28,6.40,174.0,0.11,131.0
-149.24846222397892,366.9069812674572,4.60,320.0,3.04,9.30,291.0,0.33,220.0
-256.3152485533597,538.7565677523056,6.40,297.0,2.85,9.30,300.0,0.35,225.0
-202.74856678656127,464.4556732582345,5.60,298.0,2.77,8.80,272.0,0.40,214.0
-143.43625156258236,345.4130207048749,4.90,302.0,2.50,8.80,254.0,0.51,216.0
-257.0573994901186,540.4668066284585,6.60,297.0,2.56,9.30,266.0,0.39,211.0
-250.840630743083,529.7272654492754,6.20,237.0,1.36,8.00,235.0,0.25,217.0
-199.06118603689063,458.6924255349143,5.50,232.0,1.38,8.30,263.0,0.32,214.0
-141.241023657444,347.300004223979,4.20,230.0,1.52,7.70,274.0,0.18,218.0
-280.146934939394,576.1794585428195,7.60,332.0,3.94,10.70,337.0,0.28,212.0
-214.9697907496706,484.06881329380764,5.70,331.0,3.68,11.00,352.0,0.27,222.0
-204.9223032094862,467.95497936758903,5.30,314.0,2.72,11.40,325.0,0.31,233.0
-228.29943864295126,495.55543141106716,5.60,288.0,2.44,11.00,355.0,0.36,238.0
-66.50898237417655,101.18508507773386,3.40,161.0,1.84,8.20,212.0,0.71,215.0
-58.54266344268775,78.51844445059288,2.30,147.0,1.71,8.50,205.0,0.70,204.0
-64.42941495652174,95.19807249143612,1.90,257.0,1.73,8.00,229.0,0.53,199.0
-115.40849106192358,255.17582487351783,3.30,284.0,1.28,7.30,239.0,0.22,240.0
-96.56841847167325,190.53193970487487,3.00,295.0,1.26,12.30,11.0,0.35,233.0
-145.39474783135708,362.5886302674571,4.70,245.0,1.06,8.30,263.0,0.33,205.0
-108.77790388669303,249.59809108959158,4.10,251.0,1.02,7.30,237.0,0.45,213.0
-195.06886004743083,444.7542350434782,5.10,255.0,0.99,7.80,244.0,0.40,238.0
-144.18411998682475,346.93630902371547,4.40,227.0,1.17,7.70,249.0,0.33,226.0
-31.491380213438735,101.22107794466405,5.10,317.0,3.22,15.10,24.0,0.72,159.0
-40.98727173122529,124.53190399999998,4.30,322.0,3.21,14.00,33.0,0.61,142.0
-91.36848375494071,291.1414491660079,5.20,313.0,2.88,7.50,303.0,0.52,144.0
-48.33948904479579,154.61557343478262,5.00,321.0,3.10,8.10,320.0,0.64,159.0
-27.451664851119897,94.26203147826088,5.00,332.0,3.32,8.30,305.0,0.79,151.0
-16.397818587615284,35.37585426218709,5.20,215.0,1.74,7.70,248.0,1.16,169.0
-17.54753830566535,73.1856558221344,6.20,215.0,1.79,7.60,251.0,1.08,158.0
-13.41363651383399,37.24023921475626,6.00,215.0,2.28,17.40,360.0,1.17,172.0
-10.839451462450592,24.59409638998682,4.80,186.0,3.26,16.30,320.0,1.20,164.0
-17.036907594202898,31.282646812911725,3.60,210.0,3.09,15.80,11.0,1.03,156.0
-122.77106333728592,356.7447620671937,4.50,254.0,1.07,7.40,314.0,0.53,85.0
-132.67369189328065,378.84313050592885,4.60,200.0,1.10,7.60,318.0,0.59,74.0
-238.93400294598158,538.7183118656127,7.10,203.0,1.65,6.00,189.0,0.72,82.0
-201.13834912779976,491.5018641317523,6.30,178.0,1.59,6.10,201.0,0.64,83.0
-122.21366163241109,364.63718621080375,4.70,154.0,1.64,6.40,209.0,0.62,81.0
-71.27262903162055,215.3331187944664,2.70,152.0,1.56,6.50,185.0,0.68,73.0
-236.40117315810275,442.0126154150198,0.50,196.0,1.22,6.70,246.0,0.86,344.0
-258.49283956917,452.2475587997365,1.10,290.0,1.08,8.10,235.0,0.87,329.0
-219.16202220816865,484.60343618972325,4.30,286.0,1.05,7.10,232.0,0.47,344.0
-196.85785522397896,432.1418697654809,3.60,273.0,1.06,7.40,265.0,0.53,330.0
-108.2335723254282,246.6340652964427,2.90,26.0,1.34,8.50,346.0,0.18,47.0
-83.34011551778656,151.89622395520422,1.60,20.0,1.33,8.80,360.0,0.09,117.0
-114.89859249934126,265.94590854545453,3.00,231.0,1.42,8.30,306.0,0.25,32.0
-122.95380101185769,283.0762490685112,3.30,225.0,1.27,8.50,322.0,0.12,340.0
-51.112422349143614,121.74919306587616,3.60,79.0,1.94,10.90,300.0,0.51,159.0
-45.83642955862978,104.96435037549408,2.90,53.0,1.96,11.10,326.0,0.52,128.0
-32.579716679841894,47.25119578260869,1.50,19.0,1.43,9.10,328.0,0.80,163.0
-26.22892184453228,31.209749405797105,0.70,27.0,1.30,10.20,339.0,0.98,167.0
-142.45748132279314,389.57061166534913,6.70,240.0,2.11,11.60,6.0,0.67,176.0
-127.18621113570488,364.1791350948617,7.10,193.0,1.75,11.30,347.0,0.79,180.0
-53.78770582345191,160.42889626482213,2.80,349.0,4.73,14.00,59.0,0.46,94.0
-59.59887960737814,188.60529545981555,2.80,335.0,4.30,14.20,46.0,0.50,83.0
-217.66524538208165,508.5713591541502,5.30,206.0,2.15,6.60,267.0,0.74,45.0
-85.44599629644269,229.73394959815548,5.10,244.0,2.06,8.80,223.0,0.61,186.0
-194.06403845322794,465.16071794202907,7.00,227.0,2.44,8.60,228.0,0.59,171.0
-212.53368464031618,489.7115001660079,5.20,335.0,2.79,10.70,51.0,0.10,84.0
-274.8014834519104,569.4664696139657,6.50,341.0,2.67,10.60,74.0,0.05,53.0
-125.22285323715413,275.8743301884058,3.20,262.0,1.76,9.30,29.0,0.20,290.0
-185.8414705823452,437.5358698906456,4.50,252.0,1.62,9.30,9.0,0.17,327.0
-82.79248093412384,191.67095758102766,3.20,331.0,1.62,11.50,30.0,0.26,151.0
-77.99940851778658,167.18130683135703,2.70,330.0,1.69,10.60,358.0,0.22,133.0
-56.901262847167324,115.06362953227932,3.40,238.0,1.64,8.80,348.0,0.51,182.0
-96.38880374176547,269.7311812490118,4.90,238.0,1.90,8.50,345.0,0.47,171.0
-289.5829330737813,585.833991743083,7.80,346.0,1.40,5.20,105.0,0.51,225.0
-134.13501462582346,297.3031287786561,5.00,342.0,1.49,6.40,360.0,0.71,227.0
-236.96578044664037,518.9626084690382,7.30,252.0,1.39,8.50,309.0,0.56,182.0
-62.27667610935442,90.62458919235836,1.30,247.0,1.43,4.50,224.0,0.51,192.0
-290.4977226666667,589.9409050263505,8.70,242.0,1.50,5.00,225.0,0.42,195.0
-301.70939703162054,605.761250375494,9.10,295.0,2.86,9.60,305.0,0.42,207.0
-311.92989712911725,618.9017292305665,9.80,287.0,2.93,10.00,319.0,0.44,220.0
-284.4352763873518,579.4097997602107,8.10,277.0,2.85,9.80,307.0,0.51,216.0
-285.22394592621873,581.2745038432148,8.10,297.0,2.57,9.50,280.0,0.51,211.0
-76.54304102108037,98.13758803162055,0.50,231.0,2.23,7.90,263.0,0.56,211.0
-77.3843323886693,107.79665837285903,1.40,229.0,2.13,7.10,271.0,0.51,213.0
-73.89793627931489,139.05854869960473,3.80,222.0,2.23,7.40,256.0,0.60,210.0
-69.79657014888011,106.49770896837944,2.10,216.0,2.31,7.80,283.0,0.50,206.0
-79.68749252305665,126.36857344400526,1.70,209.0,2.19,7.30,244.0,0.34,210.0
-87.23422503030304,129.8575060974967,1.80,206.0,2.38,7.80,272.0,0.44,223.0
-78.33151013438736,221.05023628853755,4.80,208.0,2.83,6.50,204.0,0.51,163.0
-64.74460764295124,139.99028145454545,4.20,337.0,2.49,9.10,35.0,0.59,197.0
-59.01576175757576,145.13635805270093,4.30,263.0,2.64,11.10,14.0,0.53,178.0
-62.828168616600784,155.7029464347826,4.40,254.0,2.45,10.80,15.0,0.54,182.0
-111.14059323715415,310.4364916166008,5.30,249.0,2.40,10.70,352.0,0.48,179.0
-78.28284726745719,193.90545011594205,3.90,62.0,1.33,9.80,341.0,0.41,170.0
-79.26075901581028,181.41926546640317,3.50,14.0,1.33,8.80,1.0,0.36,177.0
-228.7155411870883,504.4620512595521,6.20,329.0,1.18,9.00,336.0,0.44,200.0
-63.630059565217394,104.38410634123848,1.70,286.0,2.73,10.20,41.0,0.34,180.0
-66.37776418181818,96.69327876284585,1.10,331.0,2.87,11.30,61.0,0.42,195.0
-286.41070116600787,587.8121605612648,9.60,221.0,1.57,5.80,265.0,0.59,176.0
-290.76661168247693,593.5348496982872,9.60,228.0,1.58,5.50,198.0,0.53,171.0
-48.02050257575758,72.41633919235836,3.40,222.0,2.60,13.50,10.0,0.74,200.0
-48.73488573386034,55.3695990171278,1.20,215.0,2.83,14.00,1.0,0.78,198.0
-46.89540004084322,114.8950498801054,5.40,195.0,2.89,13.70,2.0,0.80,195.0
-51.2365999881423,74.656513486166,2.20,205.0,2.78,7.80,233.0,0.62,186.0
-47.7375349196311,62.13481738603425,1.20,204.0,2.62,7.80,220.0,0.68,183.0
-286.41683879973647,586.4042899314888,9.60,197.0,1.72,6.30,212.0,0.58,182.0
-58.433469196310945,77.6406235889328,0.10,205.0,1.73,6.60,209.0,0.58,191.0
-271.4061881330698,566.13102657444,8.20,251.0,2.25,12.00,6.0,0.46,179.0
-236.07868873913046,516.9769578959157,7.30,246.0,2.13,11.80,1.0,0.53,183.0
-60.367362252964426,81.15269789064558,0.01,219.0,2.02,5.10,247.0,0.56,191.0
-291.81955406324107,594.0272818498023,9.60,219.0,2.00,6.20,265.0,0.52,182.0
-150.80507742555994,364.3404671660079,4.40,236.0,2.62,12.50,310.0,0.25,243.0
-84.21334850592885,165.91577420158106,2.80,257.0,2.53,11.90,321.0,0.28,218.0
-175.79356183794465,429.04616880632415,5.10,269.0,2.05,11.50,325.0,0.20,198.0
-267.2661107826087,559.6297207035574,7.90,214.0,1.77,5.50,208.0,0.40,172.0
-301.31469786561263,606.9569695902503,9.70,204.0,1.82,5.10,200.0,0.30,156.0
-290.93121149670617,588.4528719789198,8.60,222.0,1.40,5.00,207.0,0.43,211.0
-290.61146105006594,589.1779022121212,8.70,217.0,1.35,4.70,190.0,0.39,201.0
-249.3646348155468,526.4390049341239,6.90,215.0,1.29,6.00,211.0,0.48,210.0
-266.04146276943345,551.3110016877471,6.80,226.0,1.19,5.70,222.0,0.29,221.0
-182.48754431093542,420.5104256284585,5.30,226.0,0.93,7.10,254.0,0.50,230.0
-206.9598935955204,460.1843224176548,5.20,233.0,0.88,9.90,6.0,0.43,249.0
-60.08012014756258,92.3426197206851,1.00,187.0,1.96,5.30,187.0,0.42,175.0
-57.25340625559949,85.95758455994729,1.00,181.0,1.98,5.20,203.0,0.47,175.0
-45.26209900395257,67.93170084189724,0.70,191.0,1.98,5.50,167.0,0.58,162.0
-60.300332891963116,99.67135043741766,0.60,201.0,1.82,5.90,187.0,0.36,142.0
-66.63547667457179,107.99763597760212,0.90,198.0,2.18,6.00,195.0,0.29,162.0
-205.56785390118577,490.28432272068517,9.20,192.0,1.72,6.20,228.0,0.97,165.0
-65.39249712779973,272.9246922516469,8.40,191.0,1.59,6.60,211.0,1.15,165.0
-250.57296986166008,537.3208875125165,7.70,209.0,1.44,5.10,183.0,0.50,175.0
-79.67393416205533,180.58608254808956,3.70,104.0,1.34,5.10,182.0,0.41,188.0
-85.52368937154151,207.43589065744405,4.40,168.0,1.45,5.70,181.0,0.51,194.0
-125.04311444532279,368.08547401317526,6.00,183.0,2.63,11.60,336.0,0.53,133.0
-163.8501690223979,424.9976213438735,6.20,209.0,2.35,11.60,7.0,0.46,148.0
-75.680778342556,192.7680891831357,4.90,151.0,1.97,10.90,4.0,0.61,193.0
-216.71070137417655,492.44166928722,8.00,173.0,1.99,11.00,10.0,0.73,182.0
-213.42920277470355,491.5951391212122,7.80,211.0,1.79,10.10,357.0,0.69,172.0
-87.83092797760209,175.6279759710145,3.00,206.0,2.36,6.40,206.0,0.27,216.0
-97.59106516337286,226.78260807114626,3.60,191.0,2.55,7.10,188.0,0.20,185.0
-66.7462924980237,102.32817943083005,0.90,202.0,2.36,6.60,185.0,0.34,186.0
-68.13120452964426,105.80505542555993,0.90,219.0,2.17,7.30,196.0,0.32,183.0
-126.14898027140974,179.57164504084324,0.10,217.0,1.90,7.00,217.0,0.44,272.0
-118.98988097101449,164.97839038866928,0.01,207.0,2.09,6.70,226.0,0.44,262.0
-70.6696907826087,105.06311877075098,0.20,225.0,2.47,11.90,10.0,0.31,199.0
-66.84514991831357,99.39780880632411,0.10,221.0,2.32,11.90,13.0,0.34,190.0
-143.44154111857708,343.04048227404485,3.90,229.0,1.79,11.90,3.0,0.16,280.0
-112.27587025955205,250.77979666403164,3.30,218.0,1.46,12.00,19.0,0.16,243.0
-280.98323280237156,572.4928271238472,7.00,243.0,1.48,11.80,8.0,0.26,254.0
-170.70427299604742,409.1132605757576,5.00,196.0,1.19,6.90,245.0,0.29,218.0
-214.2662235098814,477.98214966139653,5.50,204.0,1.20,5.50,221.0,0.26,232.0
-268.19406919235837,552.9852252740448,6.90,211.0,1.55,5.60,229.0,0.32,228.0
-153.90522885243743,372.6154238998683,4.80,203.0,1.51,11.10,1.0,0.35,225.0
-315.8977957549408,613.3847365296442,8.70,235.0,1.75,12.20,356.0,0.78,270.0
-293.3430609183136,579.8577162872201,7.30,223.0,1.19,11.10,352.0,0.65,263.0
-296.89781163636366,584.6497854584981,7.20,219.0,1.28,6.90,230.0,0.64,273.0
-245.94056292753623,480.1075828142292,4.80,219.0,1.37,6.70,227.0,0.74,276.0
-284.2848068168643,565.3658407391304,5.90,195.0,1.54,5.90,243.0,0.62,313.0
-281.9741709538867,563.8970304071147,6.00,210.0,1.52,6.40,243.0,0.54,305.0
-279.8449945428195,563.8340762147562,6.30,221.0,1.47,5.50,219.0,0.44,288.0
-256.9967532345191,532.1071525994729,6.00,216.0,1.46,13.50,312.0,0.36,260.0
-200.77670097760208,462.30635460869564,5.20,201.0,1.66,13.50,350.0,0.04,236.0
-218.6983493596838,490.73450251778655,5.10,186.0,1.73,5.60,236.0,0.31,11.0
-279.3705392305665,588.7277199828721,8.40,321.0,2.00,8.10,264.0,0.67,97.0
-92.14320191963111,323.79278343610014,5.10,315.0,1.91,8.10,253.0,0.75,100.0
-86.05753144795784,253.06872263768113,4.10,49.0,1.60,7.90,269.0,0.46,117.0
-103.56504152832674,305.6801729710145,4.20,23.0,1.54,7.80,280.0,0.45,102.0
-62.45678018708828,122.97045424769432,2.40,232.0,1.39,12.50,348.0,0.35,145.0
-39.72456152964427,91.67505208432148,2.30,223.0,1.36,13.30,344.0,0.64,113.0
-264.2568206877471,565.4287931857708,9.90,194.0,1.93,16.80,346.0,0.77,149.0
-30.998304790513835,45.34093661923584,0.20,203.0,2.93,16.30,3.0,0.70,156.0
-294.73093569038207,600.9811697325429,9.00,185.0,1.60,12.50,334.0,0.42,84.0
-270.8927123675889,567.819257289855,7.20,198.0,1.30,12.30,346.0,0.40,69.0
-264.36954000395264,552.2463307127799,6.00,353.0,2.60,13.50,8.0,0.10,323.0
-283.60438148221346,579.6475480065877,6.90,344.0,2.86,13.10,8.0,0.09,276.0
-203.3498792687747,463.23503389723317,4.80,350.0,2.43,12.50,7.0,0.19,270.0
-101.58031485375493,203.27006311857707,2.80,199.0,1.26,8.50,351.0,0.26,249.0
-219.58869785507244,486.121974027668,5.40,250.0,1.27,8.70,271.0,0.29,239.0
-188.81739700263506,440.8176642635046,5.10,211.0,1.34,8.90,325.0,0.24,231.0
-215.5020315375494,479.6189231027668,5.50,298.0,1.86,9.90,14.0,0.38,227.0
-303.28534834782613,606.4989898432146,8.90,300.0,2.24,12.30,5.0,0.41,217.0
-297.1597031699605,597.5507991277998,8.20,287.0,2.80,7.40,283.0,0.34,227.0
-294.3730618432147,593.8915679841897,8.50,278.0,2.58,7.40,293.0,0.46,217.0
-140.83240815151518,349.4525234795784,5.30,238.0,2.13,8.70,277.0,0.55,211.0
-207.503969027668,462.6374520065876,5.30,318.0,1.18,13.50,1.0,0.48,236.0
-91.38493792226615,124.93860389591566,1.40,260.0,1.35,13.50,59.0,0.53,230.0
-195.37292471673254,457.09082057444,6.50,183.0,1.22,6.10,233.0,0.53,193.0
-113.37598653227933,280.11665564690384,4.80,139.0,1.19,4.90,210.0,0.51,204.0
-63.56622836890646,107.93338487747035,2.70,126.0,1.16,7.80,275.0,0.52,197.0
-80.33926546376813,133.0673678418972,1.40,230.0,1.13,7.40,237.0,0.25,203.0
-70.70117568511198,60.946814436100134,1.00,127.0,2.28,7.80,9.0,1.07,215.0
-56.31788907773386,64.89265018708828,4.20,102.0,2.24,11.10,333.0,1.09,216.0
-47.11327434387352,45.44121394334652,3.10,160.0,2.64,11.50,14.0,1.10,207.0
-171.1140552924901,359.58417362582344,4.40,283.0,1.73,13.00,335.0,0.61,253.0
-181.84576668247695,274.20243677865614,3.40,289.0,1.64,11.90,306.0,0.79,261.0
-87.2459331422925,143.2885799657444,2.70,266.0,1.36,10.30,273.0,0.51,226.0
-83.15810588932807,124.13377699209487,0.80,158.0,1.49,10.00,285.0,0.36,218.0
-84.29263160079051,123.75407923320157,0.50,260.0,1.50,10.80,329.0,0.37,225.0
-285.1359226442688,578.6598765862977,8.10,183.0,1.72,11.10,14.0,0.37,223.0
-291.8147104216074,586.8958632042161,8.20,186.0,1.85,5.60,203.0,0.37,237.0
-143.98231171673257,319.7319497562582,3.80,98.0,1.60,6.50,222.0,0.34,265.0
-88.86458953359684,164.20072081422924,1.70,38.0,3.79,13.50,27.0,0.04,326.0
-120.40945723847167,310.6119021106719,3.90,316.0,4.81,13.30,22.0,0.05,21.0
-78.58118320158103,147.95294773517787,2.00,307.0,4.43,13.80,25.0,0.07,171.0
-7.811384106719368,63.166800606060605,8.70,9.0,3.50,11.60,338.0,1.40,175.0
6.811294492753624,-28.228604399209487,8.30,31.0,3.48,10.90,337.0,3.19,187.0
-364.13878597364953,515.117442110672,7.10,224.0,1.07,8.30,344.0,2.03,271.0
-405.7751212938076,520.6457374137022,8.50,214.0,1.03,7.50,320.0,4.37,263.0
-115.51233729380765,276.7932917483531,3.90,150.0,1.19,7.50,213.0,0.23,195.0
-175.34382992358366,470.09279152305663,6.00,75.0,1.03,7.60,219.0,0.84,77.0
-162.26273323451912,382.98367995915675,3.90,346.0,3.57,11.10,44.0,0.14,306.0
-221.31249684321477,411.80893261660077,3.30,341.0,3.71,10.70,53.0,0.60,295.0
-141.93903541633728,367.3843666245059,3.70,345.0,3.28,11.10,49.0,0.25,36.0
-294.6416309710145,593.2689238089591,7.30,15.0,3.47,10.00,40.0,0.11,285.0
-307.8548762964427,608.0203978379446,7.70,11.0,3.27,9.90,60.0,0.42,286.0
-120.48055692753621,260.0551993267457,2.60,288.0,1.99,10.40,9.0,0.23,347.0
-119.8282970737813,233.60719099209484,2.10,283.0,1.94,11.50,13.0,0.28,320.0
-142.31188122529645,328.4340952911726,3.40,256.0,1.65,8.30,343.0,0.24,327.0
-175.32124846772066,423.45952405138337,4.60,257.0,1.65,7.80,335.0,0.02,296.0
-261.8416725243742,544.5637710382082,6.40,240.0,2.04,10.90,352.0,0.24,237.0
-167.75165595125165,411.69332048616604,5.00,235.0,1.75,7.60,299.0,0.23,200.0
-112.30811854413702,320.280118256917,5.70,224.0,1.67,7.80,288.0,0.59,180.0
-297.1024786324111,593.7188916442689,7.60,240.0,1.74,7.90,284.0,0.37,273.0
-267.89996071541503,562.7553357588932,6.90,205.0,1.41,7.40,247.0,0.35,67.0
-286.5283803583663,582.7732204005271,7.60,194.0,1.30,7.20,250.0,0.05,270.0
-225.07792815415021,494.47272762977605,5.50,223.0,1.24,7.40,270.0,0.21,242.0
-291.19307990382083,588.7588519525692,8.20,236.0,1.34,7.50,259.0,0.35,219.0
-296.82106764822134,597.6709213583663,8.30,224.0,1.66,4.70,236.0,0.13,228.0
-291.09599416600787,590.0127251501976,7.90,206.0,1.84,5.20,225.0,0.01,45.0
-190.29488894729909,451.56741415942025,5.00,73.0,1.51,13.30,340.0,0.06,80.0
-315.6599867588933,625.7663008695652,9.40,4.0,1.99,5.90,90.0,0.06,218.0
-188.44123455072466,446.27528444400525,4.70,303.0,2.42,11.60,19.0,0.05,306.0
-145.29269822397893,356.3204205928854,4.00,302.0,2.25,11.90,7.0,0.10,253.0
-174.01765748616603,418.79350257839263,4.50,287.0,2.45,10.60,3.0,0.08,293.0
-147.2332017549407,322.5252644189723,3.80,336.0,1.03,12.30,11.0,0.42,255.0
-176.87791063768114,386.58076895783927,4.70,283.0,1.32,7.60,340.0,0.61,248.0
-297.7569341040843,589.8740302648221,7.70,314.0,2.12,13.50,4.0,0.68,249.0
-277.2798708656127,556.0004741870882,6.50,315.0,1.99,13.00,349.0,0.64,250.0
-106.5610984690382,138.6523086337286,1.70,199.0,1.60,11.30,325.0,0.62,238.0
-104.58146972595522,129.96200188537549,0.20,37.0,1.22,10.20,318.0,0.60,235.0
-298.37471562318837,593.014126997365,7.70,3.0,1.51,6.00,114.0,0.63,248.0
-110.44544844664033,266.40814967984187,5.50,212.0,2.00,6.50,233.0,0.73,210.0
-235.0466546389987,502.02024961264823,7.40,217.0,2.06,6.50,230.0,0.76,211.0
-255.94263368247695,533.0713358234519,7.70,206.0,2.59,7.10,211.0,0.67,213.0
-217.60225668906457,476.0069720065876,6.80,200.0,2.57,7.30,246.0,0.67,213.0
-143.63495115151517,357.1863776534915,6.60,207.0,2.41,8.40,230.0,0.83,208.0
-223.60240537681156,485.42293044532283,7.40,210.0,2.54,8.10,224.0,0.78,209.0
-89.83733110144928,143.9034880342556,3.90,184.0,1.90,7.90,233.0,0.74,229.0
-281.1181036811594,569.1142836772068,8.80,192.0,1.52,7.90,233.0,0.78,219.0
-96.8295031884058,290.6686441370224,3.30,325.0,3.86,14.60,8.0,0.50,67.0
-67.41773271936758,165.53497120158104,1.60,317.0,4.33,14.40,20.0,0.40,71.0
-80.55443105797102,166.43387625032938,1.40,280.0,3.13,13.70,64.0,0.24,51.0
-75.97939497628458,155.8196578353096,1.00,290.0,3.35,13.00,73.0,0.27,55.0
-95.77970813965744,273.07534817786564,3.90,241.0,2.50,12.20,28.0,0.37,99.0
-135.55198536363636,367.89888558893284,4.50,249.0,2.63,11.50,24.0,0.29,93.0
-65.7256526521739,166.3270474347826,1.90,243.0,2.10,11.30,1.0,0.55,75.0
-67.21964570487484,163.56972140974966,2.10,246.0,1.96,10.60,359.0,0.49,79.0
-37.01736377602108,115.33984431620556,1.40,182.0,2.08,9.40,40.0,0.84,85.0
-32.442939897233195,90.10123696574439,1.40,195.0,2.25,9.10,43.0,0.81,96.0
-274.909484715415,584.053703312253,9.00,202.0,1.80,13.10,273.0,0.79,90.0
-41.349938524374174,145.4991044110672,2.10,209.0,1.68,7.30,9.0,0.89,81.0
-67.10505900263506,121.91601499736497,1.10,223.0,1.43,12.00,345.0,0.30,107.0
-76.16993127009223,149.973311085639,1.80,207.0,1.53,7.90,19.0,0.26,92.0
-31.67438274967062,98.66860255467721,2.50,225.0,1.40,7.30,240.0,0.84,99.0
-287.83413929644263,592.0629887114625,7.60,285.0,1.86,9.80,6.0,0.40,69.0
-272.24547716337287,569.8488184137022,6.80,257.0,1.90,11.30,6.0,0.38,62.0
-298.7972999894598,604.0564493965744,9.10,192.0,1.53,12.50,323.0,0.22,100.0
-286.3227844479579,586.3031309117259,7.90,188.0,1.40,11.90,347.0,0.26,69.0
-56.03370281291172,112.85147712779974,2.60,196.0,1.99,6.60,217.0,0.43,146.0
-63.530833779973655,130.3953974110672,2.50,199.0,2.04,6.50,216.0,0.35,137.0
-73.72566598945981,143.8736554321476,1.90,114.0,1.53,7.30,314.0,0.24,102.0
-62.75139196969697,116.1220595428195,1.20,157.0,1.44,7.20,320.0,0.35,108.0
-52.28635013306984,96.5945584967062,0.01,9.0,1.27,7.40,256.0,0.48,112.0
-51.386073308300396,100.15412011198947,2.10,263.0,1.29,7.30,245.0,0.48,136.0
-99.50902516205532,232.4520237378129,2.80,161.0,1.50,9.50,310.0,0.31,54.0
-146.70317619762847,362.8179994927537,3.80,163.0,1.63,9.60,356.0,0.31,30.0
-135.0758538050066,332.0692234624506,3.90,215.0,1.94,11.90,30.0,0.01,270.0
-194.52065787351776,458.5354755810277,5.20,248.0,2.12,9.50,11.0,0.11,138.0
-268.0057615810276,562.847020085639,7.40,203.0,1.83,9.60,338.0,0.29,105.0
-258.4469259802372,550.7247731818181,7.30,200.0,1.70,9.70,297.0,0.32,122.0
-78.91881169169962,170.03106764953887,2.80,139.0,1.47,7.00,223.0,0.25,139.0
-80.36037500922266,156.84698858629775,2.10,81.0,1.47,12.80,357.0,0.15,121.0
-97.09694649407115,240.6749279367589,3.60,66.0,1.47,12.80,14.0,0.24,138.0
-215.8007207496706,494.797043198946,6.00,195.0,1.96,10.00,319.0,0.30,97.0
-273.23201733465083,572.8352136732543,7.90,197.0,1.93,10.20,321.0,0.41,95.0
